texto,url-post
"Photo by Ciudadan√≠a y Desarrollo on January 21, 2021. La imagen puede contener: 1 persona, texto que dice ""$ $ $ $ $ $ LOS VIAJES M√ÅS COSTOSOS durante el estado de excepci√≥n El ex ministro de Econom√≠a Richard Mart√≠nez viaj√≥ dos veces a Washington, una de ellas para una reuni√≥n con el BID. Tuvo un costo de USD 8.317,60 considerando pasajes a√©reos y vi√°ticos. FCD OBSERVATORIOD GASTO P√öBLICO www.gastopublico.org EsMiPlataEC @EsMiPlataEC @fcd_ecuador"".",https://instagram.fgye6-1.fna.fbcdn.net/v/t51.2885-15/e15/s640x640/140698279_328034231789567_5076791096212006550_n.jpg?_nc_ht=instagram.fgye6-1.fna.fbcdn.net&_nc_cat=111&_nc_ohc=g889pz5LrsEAX9JnR1n&tp=1&oh=ea99a24a9120829fec7f1cab6c0291ab&oe=6036FB57
"Te has preguntado ¬øC√≥mo eran las campa√±as pol√≠ticas antes de las redes sociales? Pues muchos candidatos usaban la radio como medio principal para darse a conocer y los ""jingles √≥ cu√±as"" eran parte importante de las campa√±as. 

Hoy les presentamos el jingle de Sixto Dur√°n Ball√©n para la campa√±a de 1978.

#EcuadorDebate2021 #VotaInformado #Elecciones2021 #Elecciones2021Ec #jinglescomerciales #campa√±aelectoralEC #jingles #cu√±as #todossomos1 #elbinomiodelaesperanza #CapacidadParaCambiar #YakuPresidente
#ClaroQueSePuede #quito #manabi #cuenca #guayaquil
#YakuEs #arauzrabascall #arauz #CNE #cu√±asenvinilo #discosdevinilo #vinylcollection #vinylcollector #vinilosecuador",https://instagram.fgye6-1.fna.fbcdn.net/v/t51.2885-15/e15/c0.280.720.720a/s640x640/140541061_3923786454340096_2998690029695889605_n.jpg?_nc_ht=instagram.fgye6-1.fna.fbcdn.net&_nc_cat=104&_nc_ohc=t7AU1uaAp78AX9yW596&tp=1&oh=69c29f2636bca0338a4f6e2d5eacee75&oe=60106804
"Photo shared by UPENIN-Negocios e Inversiones on January 20, 2021 tagging @gersonalmeidaec. La imagen puede contener: 1 persona, texto que dice ""UPENIN NEGOCIOS EINVERSIONES S ECUADOR DEBATE 2021 Gerson Almeida Candidato de cuatoriano Unido Lista 4 f UPENIN Negocios e Inversiones @upenin.ecu L +593 98 464"".",https://instagram.fgye6-1.fna.fbcdn.net/v/t51.2885-15/sh0.08/e35/s640x640/140616753_2771987623057522_7671175147312198230_n.jpg?_nc_ht=instagram.fgye6-1.fna.fbcdn.net&_nc_cat=110&_nc_ohc=zhkN3CkAlHgAX9-n6jp&tp=1&oh=d3d9619fac037c1fe041f214d3e5e490&oe=6039AA43
"Photo shared by UPENIN-Negocios e Inversiones on January 20, 2021 tagging @ximena.pena1. La imagen puede contener: 1 persona, texto que dice ""UPENIN NEGOCIOS NVERSIONE ECUADOR DEBATE 2021 Ximena Pe√±a Candidata de Alianza Pa√≠s Lista 35 f UPENIN Negocios e Inversiones @upenin.ecu ÔøΩ +593 98 464"".",https://instagram.fgye6-1.fna.fbcdn.net/v/t51.2885-15/sh0.08/e35/s640x640/139758321_446776046363693_5358370877378384494_n.jpg?_nc_ht=instagram.fgye6-1.fna.fbcdn.net&_nc_cat=105&_nc_ohc=26b8DTYi3QcAX-fx0Xq&tp=1&oh=427ce6f065278217fa8bf54132c5e45a&oe=603654F3
"Photo by Cuaderno Sandinista on January 20, 2021. La imagen puede contener: texto que dice ""Elecciones en Ecuador: Un camino plagado de inc√≥gnitas"".",https://instagram.fgye6-1.fna.fbcdn.net/v/t51.2885-15/e35/c238.0.603.603a/140048946_489452415787558_8099612236737030945_n.jpg?_nc_ht=instagram.fgye6-1.fna.fbcdn.net&_nc_cat=110&_nc_ohc=9M4PHd8uKc0AX9uK6IH&tp=1&oh=f8adaf3b952816eb3761c5a3fea90f2c&oe=6036E1D7
"Photo by America 24 News in Ecuador. La imagen puede contener: una o varias personas y personas bailando, texto que dice ""#ECUADOR AM√âRICA 24NEWS ECUADOR www.america24news.com #Ecuador Debate de los 16 candidatos a la presidencia previo a elecciones del 7 Febrero El fin de semana anteriors realiz√≥ el debate obligatorio del Consejo Nacional Electoral (CNE), que agrupa a los 16 aspirantes la Presidencia del pa√≠s."".",https://instagram.fgye6-1.fna.fbcdn.net/v/t51.2885-15/e15/c29.0.1022.1022a/s640x640/140068007_163460395255074_6682041046712346365_n.jpg?_nc_ht=instagram.fgye6-1.fna.fbcdn.net&_nc_cat=106&_nc_ohc=tkrKft-7isQAX8dreU2&tp=1&oh=ef73e3e389059c4e57f2ba84eb663eda&oe=6038BA46
"Photo shared by UPENIN-Negocios e Inversiones on January 19, 2021 tagging @cesarmontufar1751. La imagen puede contener: 1 persona, texto que dice ""UPENIN NEGOCIOS NEGOCIOSEINVERSIONES ECUADOR DEBATE 2021 C√©sar Mont√∫far Candidato de Alianza Honestidad Listas 17-51 f UPENIN Negocios e Inversiones @upenin.ecu L +593 98 464"".",https://instagram.fgye6-1.fna.fbcdn.net/v/t51.2885-15/sh0.08/e35/s640x640/140271677_1064119987406843_7924662949499629260_n.jpg?_nc_ht=instagram.fgye6-1.fna.fbcdn.net&_nc_cat=111&_nc_ohc=RbJih2fMLvEAX_S0eJU&tp=1&oh=d17cbb71f2a3e9ddc1b5b3fe407dffc1&oe=6038D1E7
"#ECUADOR ‚Äì DEBATE PRESIDENCIALüá™üá®
-
La noche del 9 de enero se desarroll√≥ en el Teatro de la Casa de la Cultura Ecuatoriana el Debate Presidencial 2021 organizado por: El Comercio, Televicentro, las emisoras Radio Quito y Platinum; con el apoyo de Participaci√≥n Ciudadana.
-
Desde Civiskratos hemos hecho un res√∫men para que te enteres de lo m√°s resaltante de este primer Debate, y quienes participan por la Presidencia de Ecuador.
-
14 de los 16 candidatos confirmaron su participaci√≥n y en la primera jornada intervinieron siete presidenciables:
‚òëÔ∏èGuillermo Lasso, candidato por el partido ‚ÄúCreo‚Äù.
‚òëÔ∏èXimena Pe√±a, candidata del partido ‚ÄúLa 35 PAIS‚Äù.
‚òëÔ∏èPa√∫l Carrasco, candidato por el partido ‚ÄúJuntos Podemos‚Äù.
‚òëÔ∏èGiovanny Andrade, candidato por el partido ‚Äú19 Uni√≥n Ecuatoriana‚Äù.
‚òëÔ∏èCarlos Sagnay, candidato por el partido ‚ÄúF.E (Fuerza.EC)‚Äù.
‚òëÔ∏èGustavo Larrea, candidato por el partido ‚ÄúDemocracia Si‚Äù.
‚òëÔ∏èIsidro Romero, candidato por el partido ‚ÄúAvanza 8‚Äù.
-
Entre los asuntos que m√°s resaltaron los candidatos esta el tema de la pandemia y la reactivaci√≥n de la econom√≠a, con propuestas como, generaci√≥n de empleos, aumento excepcional del salario para los afectado por la pandemia y vacunaci√≥n gratuita. Asimismo, se resalt√≥, la necesidad de cambiar el sistema corrupto de las instituciones p√∫blicas, la potenciaci√≥n de la agricultura, la pesca y llevar a Ecuador a convertirse en un pa√≠s agroindustrial y desarrollado.
-
¬øQu√© piensas de las propuestas de los candidatos y el futuro del Ecuador?
-
#ecuadorüá™üá® 
#debatepresidencial 
#latinoamerica 
#elecciones2021 
#ecuadordebate2021",https://instagram.fgye6-1.fna.fbcdn.net/v/t51.2885-15/sh0.08/e35/s640x640/139906255_855247321936423_7092823540298555427_n.jpg?_nc_ht=instagram.fgye6-1.fna.fbcdn.net&_nc_cat=107&_nc_ohc=DQshjpcuw9UAX9gbCXi&tp=1&oh=b11cfef72eaa1dc390b896641fc3606a&oe=6010ABF4
"#EcuadorDebate2021 La candidata #XimenaPenÃÉa dice queremos profesionalizar el servicio puÃÅblico y esa es una propuesta fundamental, por ejemplo, para evitar que las instituciones, por ejemplo, como el sector de salud tenga gerentes de hospitales puestos a dedo @telesurtv",https://instagram.fgye6-1.fna.fbcdn.net/v/t51.2885-15/e15/c0.238.612.612a/140755389_453598625647609_1637135925486474139_n.jpg?_nc_ht=instagram.fgye6-1.fna.fbcdn.net&_nc_cat=101&_nc_ohc=JARvK6VSGEUAX-wXEli&tp=1&oh=dbcf280d394eef36c710dfe2e670abde&oe=6010604B
"Photo by RESISTENCIA EC. on January 18, 2021. La imagen puede contener: 1 persona, texto que dice ""Vamos Lelo di lo tuyo Resiste Â±± Mil d√≥lares para un mill√≥n de familias"".",https://instagram.fgye6-1.fna.fbcdn.net/v/t51.2885-15/sh0.08/e35/c0.135.1080.1080a/s640x640/139978090_159985435658397_1117429013090745166_n.jpg?_nc_ht=instagram.fgye6-1.fna.fbcdn.net&_nc_cat=109&_nc_ohc=Yz0zz1-QZo4AX-gH1Ck&tp=1&oh=4f187c46b253231e5b7f221ad20204cf&oe=6036009F
"Les comparto algunas frases del debate #ecuadordebate2021 üá™üá®.
Gracias a todos lo que nos apoyaron en las redes sociales. #xavierhervaspresidente",https://instagram.fgye6-1.fna.fbcdn.net/v/t51.2885-15/e35/c157.0.405.405a/139717306_446147846795230_5182230153055020050_n.jpg?_nc_ht=instagram.fgye6-1.fna.fbcdn.net&_nc_cat=110&_nc_ohc=yOsEeUVqH0cAX92YNo5&tp=1&oh=0be03dea8d67e5fe619f6d9253d5e752&oe=6010A38C
"Photo by @dustinorellana_ in Ecuador. La imagen puede contener: 2 personas, texto que dice ""Qu√©date con quien te felicite por tu cumplea√±os en un debate, por mensajes cualquiera... ECUADOR BATE207 00:02"".",https://instagram.fgye6-1.fna.fbcdn.net/v/t51.2885-15/sh0.08/e35/c161.0.757.757a/s640x640/139550154_152227353182314_5270432572817923784_n.jpg?_nc_ht=instagram.fgye6-1.fna.fbcdn.net&_nc_cat=110&_nc_ohc=XM5cj6lrDdAAX_hTwNK&tp=1&oh=5691119ea2b946952033f42dc7887200&oe=6036AE5C
"Photo shared by UPENIN-Negocios e Inversiones on January 18, 2021 tagging @guillermolasso. La imagen puede contener: 1 persona, texto que dice ""UPENIN NEGOCIOS INVERSIONES ECUADOR DEBATE 2021 Guillermo Lasso Candidato de CREO PSC Listas 21 21-6 f UPENIN Negocios e Inversiones @upenin.ecu +593 98 464"".",https://instagram.fgye6-1.fna.fbcdn.net/v/t51.2885-15/sh0.08/e35/s640x640/139394888_461303318581683_4554653430148955299_n.jpg?_nc_ht=instagram.fgye6-1.fna.fbcdn.net&_nc_cat=103&_nc_ohc=IaYvjKnmPUgAX9ExPGD&tp=1&oh=a44cd5bca959493d5953b4c96950861c&oe=6039A685
"Photo by Presidente Ecuatoriano on January 18, 2021. La imagen puede contener: 1 persona, texto que dice ""UENCA R√çOS GUILLERMO LASSO COMBATIR√Å LA DESNUTRICI√É‚ÄúN INFANTIL CERRANDO LA SENESCYT"".",https://instagram.fgye6-1.fna.fbcdn.net/v/t51.2885-15/e15/c32.0.1016.1016a/s640x640/139539703_2894894350769935_4275456299260641737_n.jpg?_nc_ht=instagram.fgye6-1.fna.fbcdn.net&_nc_cat=107&_nc_ohc=ZcyU3cqHCT4AX_Vl87o&tp=1&oh=cea3a2b03ebe0366de272b915938f09c&oe=6038917D
#EcuadorDebate2021 ‚úÖ  Estas fueron las declaraciones del candidato Yaku P√©rez en el debate de esta noche.,https://instagram.fgye6-1.fna.fbcdn.net/v/t51.2885-15/sh0.08/e35/s640x640/139537301_110897790857769_3149771798095915800_n.jpg?_nc_ht=instagram.fgye6-1.fna.fbcdn.net&_nc_cat=109&_nc_ohc=dpaYveVi2HwAX-12m1g&tp=1&oh=5e403fb33474481952538e8340e5596e&oe=6010ABE1
"Photo by Jos√© Cabrera Zurita on January 18, 2021. La imagen puede contener: 4 personas, personas de pie, personas en el escenario y barba.",https://instagram.fgye6-1.fna.fbcdn.net/v/t51.2885-15/e35/c153.0.613.613a/139367503_903014350457901_2935225728837812982_n.jpg?_nc_ht=instagram.fgye6-1.fna.fbcdn.net&_nc_cat=109&_nc_ohc=sjbYDazthOwAX_Tk3we&tp=1&oh=eb67fd2f760301d3c64ca457ac69bb20&oe=603968B4
üá™üá®#EcuadorDebate2021 En el #DebatePresidencial2021 de ayer se vio las dos tendencias. #AndresArauz que representa al progresismo y los dem√°s candidatos que representan al poder econ√≥mico y financiero del pa√≠s @OrlandoPerezEC y @marcelovarela en @teleSURtv,https://instagram.fgye6-1.fna.fbcdn.net/v/t51.2885-15/e15/c0.238.612.612a/139404722_1510216019179972_2983972643247477887_n.jpg?_nc_ht=instagram.fgye6-1.fna.fbcdn.net&_nc_cat=104&_nc_ohc=2XFLCYnY880AX_6uP_-&tp=1&oh=c72e6a6ca74a167f8c4927f9bbbe146c&oe=60104284
"En Clave Pol√≠tica @EnClavePolitik
13h
üá™üá®#EcuadorDebate2021 En #Ecuador 16 candidatos presidenciales participan en el #DebatePresidencial2021 La noche de ayer todos salieron a descansar a excepci√≥n de #AndresArauz que hizo una gran caravana en #Guayaquil",https://instagram.fgye6-1.fna.fbcdn.net/v/t51.2885-15/e15/c0.238.612.612a/139613422_467128707620449_7357844199974514643_n.jpg?_nc_ht=instagram.fgye6-1.fna.fbcdn.net&_nc_cat=101&_nc_ohc=0UJQp4tj_VUAX83xMVi&tp=1&oh=845bcd59784ed8fd5653394d3c8cdb22&oe=6010E5D8
"#HUMO @cesarmontufar1751 d√°ndole el golpe de K.O. a @lassoguillermo, al pedirle que aclare la relaci√≥n entre el dinero del #ISSPOL y el #BANCODEGUAYAQUIL 

#DebateEnPijamas 
#DebatePresidencial2021Ec 
#EcuadorDebate2021 

__________________________________________________________________________
#ecuadorüá™üá® #noticia #informate #instagood #instagramers #instagram #influencer #mediodigital #comunicaciondigital #guayaquil #quito #cuenca #manabi #elotroquito #quitocalle #informate",https://instagram.fgye6-1.fna.fbcdn.net/v/t51.2885-15/e15/s640x640/139497866_315125596581796_5180545938749263250_n.jpg?_nc_ht=instagram.fgye6-1.fna.fbcdn.net&_nc_cat=104&_nc_ohc=Ds11R4ZNfA0AX9YnEEN&tp=1&oh=b47d77d09e20e68dd35005ab465593f8&oe=601067DC
"No les creas a los mismos de siempre, a los que te enga√±an y se roban el dinero de los ecuatorianos, este 7 de febrero solo tenemos una sola opci√≥n, la del CAMBIO
¬°@guillermolasso  Presidente!

@alfredoborrerov
@creoecuador
@karoluribevelez
@nathie_arias
@ariannaburgosca
@guido_chiriboga
@lizalejandrav
@guillermodelpinorub
@jotapons
@rickyhernandz
@leonardmosquera17

#CapacidadParaCambiar
#EcuadorDebate2021 
#EcuadorDecide2021
#Ecuador 
#GuillermoLassoPresidente
#DebatePresidencial2021 
#LassoEsElCambio
#Guayaquil 
#Quito
#Guayas",https://instagram.fgye6-1.fna.fbcdn.net/v/t51.2885-15/sh0.08/e35/s640x640/139601965_506139640358703_8663954338932940705_n.jpg?_nc_ht=instagram.fgye6-1.fna.fbcdn.net&_nc_cat=103&_nc_ohc=EiABDPo5HGgAX9J59by&tp=1&oh=f9f126a174f253e23361f4f1a90b9169&oe=601070B3
"Photo by La Data on January 17, 2021. La imagen puede contener: 16 personas, texto que dice ""La √∫ltima noche de Debate La dlata. ""EL VOTO ES PRECIADO, ES LA HERRAMIENTA SIN VIOLENCIA M√ÅS PODEROSA QUE TENEMOS EN UNA SOCIEDAD DEMOCR√ÅTICA Y DEBEMOS USARLA"". SOMOS LA DATA Y EDUCAMOS TU VOTO"".",https://instagram.fgye6-1.fna.fbcdn.net/v/t51.2885-15/sh0.08/e35/s640x640/139565195_411810500054506_7489767615854957266_n.jpg?_nc_ht=instagram.fgye6-1.fna.fbcdn.net&_nc_cat=110&_nc_ohc=3b6eQJuASqMAX-9G92-&tp=1&oh=e7fb675f0bad0a9e0dc2765a395118fd&oe=60381D8F
"#EcuadorDebate2021 ‚úÖ  Finaliza la segunda jornada del debate, 16 candidatos presentaron sus propuestas de campa√±a rumbo a Carondelet.",https://instagram.fgye6-1.fna.fbcdn.net/v/t51.2885-15/e35/c163.0.393.393a/139572845_2885734978304723_4973321973625349238_n.jpg?_nc_ht=instagram.fgye6-1.fna.fbcdn.net&_nc_cat=111&_nc_ohc=-6laNrJMenIAX-h0Q5I&tp=1&oh=ba98af8cb6a7193a5604ad1896ab8985&oe=6010D162
"#EcuadorDebate2021 ‚úÖ  Finaliza la segunda jornada del debate, 16 candidatos presentaron sus propuestas de campa√±a rumbo a Carondelet.",https://instagram.fgye6-1.fna.fbcdn.net/v/t51.2885-15/e35/c163.0.394.394a/139500906_991679464691776_1590730969690570857_n.jpg?_nc_ht=instagram.fgye6-1.fna.fbcdn.net&_nc_cat=104&_nc_ohc=c6uFHveYfbAAX-JGIfc&tp=1&oh=f34f10ea261f45bc7c28f9dc0b4968ba&oe=6010963D
"Photo by La Data on January 17, 2021. La imagen puede contener: 1 persona, texto que dice ""CONFIANZA IGUALDAD La √∫ltima Noche La dlata. de Debate Presidencial LIBERTAD ESPERANZA ""HAY QUE ABRIR MERCADOS PRIMERO PARA GENERAR OPORTUNIDAD PARA TODOS LOS ECUATORIANOS"" GUILLERMO LASSO f RELACIONES INTERNACIONALES Y DERECHOS HUMANOS @LaDataEc"".",https://instagram.fgye6-1.fna.fbcdn.net/v/t51.2885-15/sh0.08/e35/s640x640/139680963_165047388386973_6795757099340122773_n.jpg?_nc_ht=instagram.fgye6-1.fna.fbcdn.net&_nc_cat=109&_nc_ohc=3s_ehoc-HjYAX_NWZdd&tp=1&oh=2c8aebf5a3e664af2d2a3269ff08003b&oe=6038D280
"Photo by Diario El Comercio de Ecuador on January 17, 2021. La imagen puede contener: 1 persona, texto que dice ""# DEBATE ECUADOR 2021 EL COMERCIO 17-01-2021 VAMOS A CAMBIAR TODAS LAS LEYES QUE SE APROBARON EN EL GOBIERNO DE RAFAEL CORREA PARA PROTEGER A LOS DELINCUENTES. VAMOS A DARLE A LA FUERZA P√öBLICA TODO EL ŒëŒ°ŒüŒ•Œü LOG√çSTICO Y LA BASE LEGAL PARA QUE DEFIENDA A LOS CIUDADANOS EC Candidato de PSP Lucio Guti√©rrez"".",https://instagram.fgye6-1.fna.fbcdn.net/v/t51.2885-15/sh0.08/e35/c0.54.1080.1080a/s640x640/139150313_707204973332211_4507968939723649508_n.jpg?_nc_ht=instagram.fgye6-1.fna.fbcdn.net&_nc_cat=103&_nc_ohc=tmp8AX4DaQAAX_Az0r2&tp=1&oh=3f5c77add7d9ecc004902ea2198c09a5&oe=6037F230
"Photo by Diario El Comercio de Ecuador on January 17, 2021. La imagen puede contener: 1 persona, texto que dice ""#DEDADE DEBATE ECUADOR 2021 ELCOMERCIO 17-01-2021 TENEMOS QUE BUSCAR UNIDAD. ESTAMOS CANSADOS DE ESTA POLARIZACI√É‚ÄúN PERMANENTE, EN DONDE DESDE LA DESCALIFICACI√É‚ÄúN, DESDE EL INSULTO, (...) NO ENCONTRAMOS EL CAMINO PARA RESOLVER LOS GRANDES PROBLEMAS DE NUESTRA NACION EC Juan Fernando Velasco Candidato de Construye"".",https://instagram.fgye6-1.fna.fbcdn.net/v/t51.2885-15/sh0.08/e35/c0.54.1080.1080a/s640x640/139571513_754636118818749_1539945261931791486_n.jpg?_nc_ht=instagram.fgye6-1.fna.fbcdn.net&_nc_cat=109&_nc_ohc=9fiVUWjbLo4AX9kokQ3&tp=1&oh=b58fdb2955fe9d2597793774272f9ff5&oe=60361396
"Photo by La Data on January 17, 2021. La imagen puede contener: 1 persona, texto que dice ""CONFIANZA IGUALDAD La √∫ltima Noche La dlata. de Debate Presidencial LIBERTAD ESPERANZA JUSTIC ""SIENTO QUE NADIE RESPONDI√É‚Äú LO QUE TEN√çAN QUE RESPONDER, SIENTO QUE EL NIVEL DE ESTE DEBATE Ha SIDO MUY BAJO"". DERECHO PEDRO FREILE RELACIONES INTERNACIONALES Y DERECHOS HUMANOS @LaDataEc"".",https://instagram.fgye6-1.fna.fbcdn.net/v/t51.2885-15/sh0.08/e35/s640x640/140050807_103165235014365_815111541941357030_n.jpg?_nc_ht=instagram.fgye6-1.fna.fbcdn.net&_nc_cat=109&_nc_ohc=teCTi_3YAjEAX_wdoV-&tp=1&oh=e755a8f1c92ce0c256a56c71b809b8b7&oe=60388FB9
"Photo by Fortaleza Ecuador in Guayaquil, Ecuador with @jotapons, @rickyhernandz, and @guillermodelpinorub. La imagen puede contener: 1 persona, texto que dice ""No hay duda, definitivamente el GANADOR del debate y la MEJOR PROPUESTA del CAMBIO la tiene nuestro futuro PRESIDENTE GUILLERMO LASSO #CREO 21 21 FORTALEZA ECUADOR GRUPO DE NDEPEND"".",https://instagram.fgye6-1.fna.fbcdn.net/v/t51.2885-15/sh0.08/e35/c42.0.1116.1116a/s640x640/140271677_1682771221901900_481451500932837248_n.jpg?_nc_ht=instagram.fgye6-1.fna.fbcdn.net&_nc_cat=108&_nc_ohc=xmWtErFqKjIAX-KU1QS&tp=1&oh=72bfdaa4147def657e7f7a26afc2a51d&oe=6037DDA2
"Photo by La Data on January 17, 2021. La imagen puede contener: 1 persona, texto que dice ""CONFIANZA IGUALDAD La √öltima Noche La dlata. de Debate Presidencial LIBERTAD ESPERANZA JUSTICI ""EL ECUADOR NO EST√Å QUEBRADO, EL ECUADOR EST√Å MAL ADMINISTRADO POR LOS MISMOS DE SIEMPRE"" DERE GERSON ALMEIDA ..' RELACIONES INTERNACIONALES Y DERECHOS HUMANOS @LaDataEc"".",https://instagram.fgye6-1.fna.fbcdn.net/v/t51.2885-15/sh0.08/e35/s640x640/139620963_471137577210690_1929235579758655832_n.jpg?_nc_ht=instagram.fgye6-1.fna.fbcdn.net&_nc_cat=106&_nc_ohc=WX5Y_VaM3A8AX9q0WCs&tp=1&oh=2add12cc81684725440f2d80acf91c3d&oe=60381022
"#EcuadorDebate2021 ‚úÖ  Estas fueron las declaraciones del candidato Xavier Hervas en el debate de esta noche.‚Å£
-‚Å£
SiÃÅguelo en vivo en www.tctelevision.com üì∫",https://instagram.fgye6-1.fna.fbcdn.net/v/t51.2885-15/e35/c163.0.394.394a/139223858_1097857507361035_1739638688260987838_n.jpg?_nc_ht=instagram.fgye6-1.fna.fbcdn.net&_nc_cat=107&_nc_ohc=m-GqneVBT5kAX8892WD&tp=1&oh=0e66ef5b72f61a4393993a061aa05668&oe=60106C77
"#EcuadorDebate2021 ‚úÖ  Estas fueron las declaraciones del candidato Xavier Hervas en el debate de esta noche.‚Å£
-‚Å£
SiÃÅguelo en vivo en www.tctelevision.com üì∫",https://instagram.fgye6-1.fna.fbcdn.net/v/t51.2885-15/e35/c163.0.394.394a/139363802_126327362659281_6754277178482448326_n.jpg?_nc_ht=instagram.fgye6-1.fna.fbcdn.net&_nc_cat=109&_nc_ohc=gp2rYE-V2xUAX-YuOZo&tp=1&oh=61c83cb12b4652e5622d172380b105d1&oe=6010E2A9
"#EcuadorDebate2021 ‚úÖ  Estas fueron las declaraciones del candidato Gustavo Larrea en el debate de esta noche.‚Å£
-‚Å£
SiÃÅguelo en vivo en www.tctelevision.com üì∫",https://instagram.fgye6-1.fna.fbcdn.net/v/t51.2885-15/e35/c163.0.394.394a/139928912_1460238387701356_5106277122890978347_n.jpg?_nc_ht=instagram.fgye6-1.fna.fbcdn.net&_nc_cat=104&_nc_ohc=B0muzCngXLoAX9Y7yyV&tp=1&oh=dab42ff45bfcfd8d4f5034fb78367ecc&oe=6010914B
"Photo by La Data on January 17, 2021. La imagen puede contener: 1 persona, texto que dice ""CONFIANZA IGUALDAD La √öltima Noche La dlata. de Debate Presidencial LIBERTAD ESPERANZA JUST ""YO NO ESTOY A FAVOR DEL ABORTO PERO ESTOYA FAVOR DE LA VIDA DE LA MUJER ECUATORIANA PARA QUE PUEDA DECIDIR' DEL XAVIER HERVAS RELACIONES INTERNACIONALES Y DERECHOS HUMANOS @LaDataEc"".",https://instagram.fgye6-1.fna.fbcdn.net/v/t51.2885-15/sh0.08/e35/s640x640/140060537_316391619760839_8157726925151593792_n.jpg?_nc_ht=instagram.fgye6-1.fna.fbcdn.net&_nc_cat=103&_nc_ohc=AoS7tlgpZssAX_hOScy&tp=1&oh=fb86e688a894ae4388cc388bef34320e&oe=603776B1
"#EcuadorDebate2021 ‚úÖ  Estas fueron las declaraciones del candidato Gustavo Larrea en el debate de esta noche.‚Å£
-‚Å£
SiÃÅguelo en vivo en www.tctelevision.com üì∫",https://instagram.fgye6-1.fna.fbcdn.net/v/t51.2885-15/e35/c163.0.394.394a/139613421_268223761300302_6796513718298585371_n.jpg?_nc_ht=instagram.fgye6-1.fna.fbcdn.net&_nc_cat=106&_nc_ohc=5N0nwBvPqK8AX85py6y&tp=1&oh=84e916ff8eccde616121de288ccfa6fd&oe=60105FF5
"#EcuadorDebate2021 ‚úÖ  Estas fueron las declaraciones del candidato Lucio Guti√©rrez en el debate de esta noche.‚Å£
-‚Å£
SiÃÅguelo en vivo en www.tctelevision.com üì∫",https://instagram.fgye6-1.fna.fbcdn.net/v/t51.2885-15/e35/c163.0.394.394a/139487074_1455495641302448_3015952536063522416_n.jpg?_nc_ht=instagram.fgye6-1.fna.fbcdn.net&_nc_cat=108&_nc_ohc=vxafCjC9u9YAX9uLq1k&tp=1&oh=969d67e0b8c0bf9caa4644178f17fb80&oe=6010CF68
"#EcuadorDebate2021 ‚úÖ  Estas fueron las declaraciones del candidato Pedro Freile en el debate de esta noche.‚Å£
-‚Å£
SiÃÅguelo en vivo en www.tctelevision.com üì∫",https://instagram.fgye6-1.fna.fbcdn.net/v/t51.2885-15/e35/c163.0.394.394a/139360121_2882691568631575_9163614886203138348_n.jpg?_nc_ht=instagram.fgye6-1.fna.fbcdn.net&_nc_cat=107&_nc_ohc=B2Av8QcPHxIAX-pdhNj&tp=1&oh=255fb02b0d5071412186776d19af329a&oe=601075F6
"Photo by La Data on January 17, 2021. La imagen puede contener: 1 persona, texto que dice ""CONFIANZA IGUALDAD La √∫ltima Noche La dlata. de Debate Presidencial LIBERTAD ESPERANZA ""CUANDO NO SE ROBA LA PLATA, CUANDO HAY UN PRESIDENTE QUE DA EJEMPLO LA PLATA ALCANZA PARA TODO COMO EN MI GOBIERNO"". LUCIO GUTI√âRREZ RELACIONES INTERNACIONALES Y DERECHOS HUMANOS @LaDataEc"".",https://instagram.fgye6-1.fna.fbcdn.net/v/t51.2885-15/sh0.08/e35/s640x640/139536181_1116351105493687_8089209289101087300_n.jpg?_nc_ht=instagram.fgye6-1.fna.fbcdn.net&_nc_cat=107&_nc_ohc=O4-EBajy9IQAX9m2B5b&tp=1&oh=185e8ac96f270286020d0031da063a20&oe=60361998
"#EcuadorDebate2021 ‚úÖ  Estas fueron las declaraciones del candidato Pedro Freile en el debate de esta noche.‚Å£
-‚Å£
SiÃÅguelo en vivo en www.tctelevision.com üì∫",https://instagram.fgye6-1.fna.fbcdn.net/v/t51.2885-15/e35/c163.0.394.394a/139910067_1295735070786099_1414763336702189655_n.jpg?_nc_ht=instagram.fgye6-1.fna.fbcdn.net&_nc_cat=103&_nc_ohc=iNksQXMI31MAX-DPngn&tp=1&oh=eb148087d17302d78c9bbb4c549ed47e&oe=60105E64
"#EcuadorDebate2021 ‚úÖ  Estas fueron las declaraciones del candidato Gerson Almeida en el debate de esta noche.‚Å£
-‚Å£
SiÃÅguelo en vivo en www.tctelevision.com üì∫",https://instagram.fgye6-1.fna.fbcdn.net/v/t51.2885-15/e35/c163.0.394.394a/139897408_229469168669354_4111640860851179965_n.jpg?_nc_ht=instagram.fgye6-1.fna.fbcdn.net&_nc_cat=102&_nc_ohc=7b30QDG5U1QAX-P8Xau&tp=1&oh=29598f9b236aa4b26f4a22b912e73c66&oe=6010E822
"#EcuadorDebate2021 ‚úÖ  Estas fueron las declaraciones del candidato Gerson Almeida en el debate de esta noche.‚Å£
-‚Å£
SiÃÅguelo en vivo en www.tctelevision.com üì∫",https://instagram.fgye6-1.fna.fbcdn.net/v/t51.2885-15/e35/c163.0.394.394a/139486217_403553594083964_6403170077249081435_n.jpg?_nc_ht=instagram.fgye6-1.fna.fbcdn.net&_nc_cat=108&_nc_ohc=bdgFllRN6JQAX-gc7wj&tp=1&oh=a701a8c7809ffcd0a4285540f516d13a&oe=6010B953
"#EcuadorDebate2021 ‚úÖ  Estas fueron las declaraciones de la candidata Ximena Pe√±a en el debate de esta noche.‚Å£
-‚Å£
SiÃÅguelo en vivo en www.tctelevision.com üì∫",https://instagram.fgye6-1.fna.fbcdn.net/v/t51.2885-15/e35/c163.0.394.394a/139491863_2853146331596122_6620480696504771646_n.jpg?_nc_ht=instagram.fgye6-1.fna.fbcdn.net&_nc_cat=110&_nc_ohc=GKlKcd9ncUYAX_qtKkS&tp=1&oh=7d3b2ab23f99e89aeddbc4e89b7b6c4b&oe=6010A2B4
"#EcuadorDebate2021 ‚úÖ  Estas fueron las declaraciones de la candidata Ximena Pe√±a en el debate de esta noche.‚Å£
-‚Å£
SiÃÅguelo en vivo en www.tctelevision.com üì∫",https://instagram.fgye6-1.fna.fbcdn.net/v/t51.2885-15/e35/c163.0.394.394a/139976342_701652590512400_2579728138686106876_n.jpg?_nc_ht=instagram.fgye6-1.fna.fbcdn.net&_nc_cat=108&_nc_ohc=MPWHTRH2ZZYAX9BaQ9s&tp=1&oh=38789986c5129a1a75b9ded44a3dc146&oe=6010C1DE
"Photo by B  O  O  K  E  H  üì∏ on January 24, 2021. La imagen puede contener: una o varias personas, personas en el escenario y exterior.",https://instagram.fgye6-1.fna.fbcdn.net/v/t51.2885-15/sh0.08/e35/c241.0.958.958a/s640x640/141433669_3052735948287065_918395978597247867_n.jpg?_nc_ht=instagram.fgye6-1.fna.fbcdn.net&_nc_cat=105&_nc_ohc=0tokAc3C0AsAX_gspdy&tp=1&oh=c0b18ac5cf094a658a78449952aba803&oe=6035FE6F
"Photo by TecnoloÃÅgico Argos on January 24, 2021. La imagen puede contener: texto que dice ""TECNOL√É‚ÄúGICO UNIVERSITARIO A ARGOS ELECCIONES GENERALES CNE NACIONAL ELECTORAL Se comunica los Miembros de Junta Receptora del Voto nombramiento entregado por CNE, que estamos capacitando de manera presencial con los debidos protocolos bio seguridad, en Universidad Agraria, junto Riocentro Sur (en el nuevo edificio de Facultad Veterinaria), Universidad de Guayaquil (Carrera de Ingenier√≠a en Sistemas Computacionales Networking- Victor Manuel Rend√≥n entre Baquerizo Moreno C√≥rdova) Universidad Laica, durante los siguientes horariosde Lunes Viernes: 09h00 a 11h00 11h00 *14h00 a 13h00 16h00 Recordamos que tambi√©n puede capacitarse de manera virtual, ingresando"".",https://instagram.fgye6-1.fna.fbcdn.net/v/t51.2885-15/sh0.08/e35/s640x640/141650775_2423772607766640_1471059343013296094_n.jpg?_nc_ht=instagram.fgye6-1.fna.fbcdn.net&_nc_cat=100&_nc_ohc=NioPp1uRXiQAX-Y0Nys&tp=1&oh=73a3d98f050d7a43fb8910d744873b41&oe=6036F10F
"Photo by Escuteiros do N√∫cleo da Barra on January 24, 2021. La imagen puede contener: 3 personas, exterior, texto que dice ""DIA INTERNACIONAL DA EDUCA√á√ÉO B"".",https://instagram.fgye6-1.fna.fbcdn.net/v/t51.2885-15/sh0.08/e35/s640x640/141813511_238653617931369_5511688523208368720_n.jpg?_nc_ht=instagram.fgye6-1.fna.fbcdn.net&_nc_cat=109&_nc_ohc=leO1xuuP5SwAX9STBqQ&tp=1&oh=8ead3312d3c08cc16b1ce9003edea61a&oe=6036C9A6
"Photo by RuÃÑta in Toronto, Ontario. La imagen puede contener: una o varias personas, personas de pie, cielo y exterior.",https://instagram.fgye6-1.fna.fbcdn.net/v/t51.2885-15/sh0.08/e35/c0.180.1440.1440a/s640x640/142371379_418684756010879_1729823578751283339_n.jpg?_nc_ht=instagram.fgye6-1.fna.fbcdn.net&_nc_cat=111&_nc_ohc=s-UDUEpm1NgAX-Z9Jcn&tp=1&oh=d7cf50ef380623c228f6b4b432c63e3c&oe=60379A74
"Photo by El Oriental on January 24, 2021. La imagen puede contener: texto que dice ""elorientaldemonagas.com LOE EO QUE ELEGIR√Å CANDIDATOS AL PODER ELECTORAL AN CONVOC√É‚Äú POSTULACIONES AL COMIT√â"".",https://instagram.fgye6-1.fna.fbcdn.net/v/t51.2885-15/sh0.08/e35/s640x640/141749304_422402905546326_917075315906734725_n.jpg?_nc_ht=instagram.fgye6-1.fna.fbcdn.net&_nc_cat=106&_nc_ohc=vhmeWwbmhq8AX8pTd5x&tp=1&oh=e8faf052b3fa3ab252746114ea61812f&oe=60367DD8
"Photo by Comisi√≥n Nacional de Casinos on January 24, 2021. La imagen puede contener: una o varias personas y exterior.",https://instagram.fgye6-1.fna.fbcdn.net/v/t51.2885-15/sh0.08/e35/s640x640/142215138_340857183624741_2047632552097536725_n.jpg?_nc_ht=instagram.fgye6-1.fna.fbcdn.net&_nc_cat=109&_nc_ohc=QNVTQQFVQNUAX84SheU&tp=1&oh=9ce496bf6cb4e0aeeb7b31d0bd2d8905&oe=6038697D
"Photo by La Gazzetta del Z√°ngano on January 24, 2021. La imagen puede contener: 1 persona, texto que dice ""ATENCI√É‚ÄúN nocp MORENO LLEN√É‚Äú AL CNE DE SUS AMIGOS PARA LAS ELECCIONES 2021 f Gazzetta Z√°ngano.COM"".",https://instagram.fgye6-1.fna.fbcdn.net/v/t51.2885-15/sh0.08/e35/s640x640/141591390_141497951034201_4513310895832847004_n.jpg?_nc_ht=instagram.fgye6-1.fna.fbcdn.net&_nc_cat=109&_nc_ohc=saZOXKCDUUsAX8vfDLa&tp=1&oh=a838997361c9470c9bae4861ec295519&oe=6037C69C
"Photo by Kaitlin Sicile Papandrea on January 24, 2021. La imagen puede contener: 1 persona, comida.",https://instagram.fgye6-1.fna.fbcdn.net/v/t51.2885-15/sh0.08/e35/s640x640/141192551_517351485902786_4161862029063306409_n.jpg?_nc_ht=instagram.fgye6-1.fna.fbcdn.net&_nc_cat=102&_nc_ohc=nIAVc9hN3sQAX9_myy6&tp=1&oh=99e069bc281b29010f54fc03860b1e50&oe=6038D5BE
"Photo by Primera Noticia in Venezuela estado-falcon. La imagen puede contener: 1 persona, exterior, texto que dice ""NACIONALES Se tendr√° nuevo CNE entre marzo y abril 8 Redacci√≥n cci√≥n Web enero 24, 2021 Elecciones Venezuela venezuela No hay comentarios"".",https://instagram.fgye6-1.fna.fbcdn.net/v/t51.2885-15/sh0.08/e35/s640x640/141729422_114092040609237_2216439968730702508_n.jpg?_nc_ht=instagram.fgye6-1.fna.fbcdn.net&_nc_cat=109&_nc_ohc=uFyQGdddGH4AX-O4sym&tp=1&oh=17a62615a260784fea76cee7b4ad5c0c&oe=60371F65
"üî¥ SIMULACRO DEL CNE INCLUY√ì ACCIONES FRENTE A POSIBLE TOMA DE DELEGACI√ìN O RECINTO ELECTORAL

A diferencia de la elecciones pasadas, esta vez el Consejo Nacional Electoral (CNE) implement√≥ un simulacro para medir la respuesta en caso de incidentes y toma de delegaci√≥n provincial o de un recinto electoral.

Militares y grupos especializados de la Polic√≠a Nacional participaron de un ejercicio en el que simpatizantes de organizaciones pol√≠ticas intentaban llevarse las urnas de los recintos y las actas de la delegaci√≥n provincial.
 @revistacaskabel 
Texto: @emiliasanchezec 
Video: @orellana_72 

#RevistaCaskabel #Pol√≠tica #CNE #SimulacroElectoralEc #Guayaquil #Guayas #Ecuador",https://instagram.fgye6-1.fna.fbcdn.net/v/t51.2885-15/e35/141466742_226645289167666_6569452174014733551_n.jpg?_nc_ht=instagram.fgye6-1.fna.fbcdn.net&_nc_cat=110&_nc_ohc=0n-Z0EvQunIAX930pz-&tp=1&oh=a6511b3fad85f98752aaddd911b2ece2&oe=6010590A
"Photo by Cima360 on January 24, 2021. No hay ninguna descripci√≥n de la foto disponible..",https://instagram.fgye6-1.fna.fbcdn.net/v/t51.2885-15/e35/c101.0.408.408a/141436820_739572010001414_8604440794708714789_n.jpg?_nc_ht=instagram.fgye6-1.fna.fbcdn.net&_nc_cat=102&_nc_ohc=BWEmTfiyGDgAX9GxMZT&tp=1&oh=8dd4cb33ae24f05a41f970e7c07946a2&oe=6037D31A
"Photo by Globovisi√≥n on January 24, 2021. La imagen puede contener: texto que dice ""cTe AN convoc√≥ postulaciones al Comit√© que elegir√° candidatos al Poder Electoral ON.COM 2 -"".",https://instagram.fgye6-1.fna.fbcdn.net/v/t51.2885-15/e15/s640x640/141015337_180877950456126_604567285757591942_n.jpg?_nc_ht=instagram.fgye6-1.fna.fbcdn.net&_nc_cat=106&_nc_ohc=sReiw36PiRwAX_i9L2e&tp=1&oh=ece11de622d5ef58d0812af623010b27&oe=6037E7F1
"SIMULACRO DEL CNE INCLUY√ì ACCIONES FRENTE A POSIBLE TOMA DE DELEGACI√ìN O RECINTO ELECTORAL

A diferencia de la elecciones pasadas, esta vez el Consejo Nacional Electoral (CNE) implement√≥ un simulacro para medir la respuesta en caso de incidentes y toma de delegaci√≥n provincial o de un recinto electoral.

Militares y grupos especializados de la Polic√≠a Nacional participaron de un ejercicio en el que simpatizantes de organizaciones pol√≠ticas intentaban llevarse las urnas de los recintos y las actas de la delegaci√≥n provincial.

Texto: @emiliasanchezec 
Video: @orellana_72 

#RevistaCaskabel #Pol√≠tica #CNE #SimulacroElectoralEc #Guayaquil #Guayas #Ecuador",https://instagram.fgye6-1.fna.fbcdn.net/v/t51.2885-15/e15/142406553_161553292181636_8575427387961841436_n.jpg?_nc_ht=instagram.fgye6-1.fna.fbcdn.net&_nc_cat=108&_nc_ohc=zzX91rRH8uAAX9gHsgK&tp=1&oh=68994cc0980a68492313fc8e010c7e3b&oe=60107E96
"Photo by El Peri√≥dico De Monagas on January 24, 2021. La imagen puede contener: 5 personas, personas en el escenario, texto que dice ""POLIT√çCA ep DEMONAGAS Presidente Nicol√°s Maduro anunci√≥ elecci√≥n de un nuevo CNE este a√±o wwW elperiodicodemonagas.com.ve"".",https://instagram.fgye6-1.fna.fbcdn.net/v/t51.2885-15/sh0.08/e35/s640x640/142827235_456927165499347_8894760633078966133_n.jpg?_nc_ht=instagram.fgye6-1.fna.fbcdn.net&_nc_cat=103&_nc_ohc=2cae4HqCi48AX-CZMQE&tp=1&oh=009fda6dc5bfbe7b34763973ce02fc8b&oe=60363F46
"Photo by La Posta on January 24, 2021. La imagen puede contener: 4 personas, texto que dice ""¬øLos choros tambi√©n pueden votar? Por supuesto que no. Ninguna persona con sentencia ejecutoriada lo puede hacer, ya que estas perdieron sus derechos ciudadanos y pol√≠ticos. Pero con el CNE todo es posible, as√≠ que te presentamos la lista de los sentenciados en el caso Sobornos que consta en el padr√≥n electoral. laPosta¬Æ"".",https://instagram.fgye6-1.fna.fbcdn.net/v/t51.2885-15/sh0.08/e35/s640x640/142108204_686429901990991_889994740586410536_n.jpg?_nc_ht=instagram.fgye6-1.fna.fbcdn.net&_nc_cat=107&_nc_ohc=41xdtu2q7tYAX-JuHLq&tp=1&oh=a86514e4564c4716268f587db64f4ef3&oe=6036774D
"Photo by Las Primicias de Augusto M. on January 24, 2021. La imagen puede contener: una o varias personas y exterior, texto que dice ""PRIMICIAS Augusteh edina Maduro: AN y CNE deciden si vamos a mega elecci√≥n @Las_Primicias f LasPrimiciasDeAugustoMedina @Las_Primicias"".",https://instagram.fgye6-1.fna.fbcdn.net/v/t51.2885-15/sh0.08/e35/s640x640/141815036_168057364747879_6929628509977498600_n.jpg?_nc_ht=instagram.fgye6-1.fna.fbcdn.net&_nc_cat=107&_nc_ohc=PEHyuSvVOygAX9nlTii&tp=1&oh=3ef29c5b426f2d4ec3d231805fb4758b&oe=603696D3
"Photo by La Posta on January 24, 2021. La imagen puede contener: texto que dice ""1 Las papeletas para presi y vicepresidente estar√≠an ready hoy La noticia la revel√≥ Diana Atamaint, presidenta del CNE, durante el segundo simulacro electoral. Adem√°s, dijo que hoy se probar√°n los sistemas tecnol√≥gicos para el d√≠a de las votaciones. √âchale un ojo a estas y otras novedades de cara a las elecciones de febrero. la osta¬Æ"".",https://instagram.fgye6-1.fna.fbcdn.net/v/t51.2885-15/sh0.08/e35/s640x640/141188680_1080592782347462_4394346692132081893_n.jpg?_nc_ht=instagram.fgye6-1.fna.fbcdn.net&_nc_cat=102&_nc_ohc=N9s6WdrjEToAX9Mq2Ie&tp=1&oh=3a73d5cab16d784d2c2ad6237cfda47b&oe=60386A79
"Photo by Cl√£ XVI on January 24, 2021. La imagen puede contener: interior.",https://instagram.fgye6-1.fna.fbcdn.net/v/t51.2885-15/sh0.08/e35/s640x640/141988110_1864142680409141_3308634324630365254_n.jpg?_nc_ht=instagram.fgye6-1.fna.fbcdn.net&_nc_cat=105&_nc_ohc=0bFnOBCOrMcAX-LRbTx&tp=1&oh=df58b4112c22c07e1f9a227e7fa8ea1d&oe=60396763
"Photo by Cl√£ XVI on January 24, 2021. La imagen puede contener: 8 personas.",https://instagram.fgye6-1.fna.fbcdn.net/v/t51.2885-15/sh0.08/e35/s640x640/142624797_238496681096274_8296146286797038454_n.jpg?_nc_ht=instagram.fgye6-1.fna.fbcdn.net&_nc_cat=106&_nc_ohc=UU5nS3RY2GgAX8LMjfG&tp=1&oh=74be132272195a753044590484b17d5c&oe=60365DD3
"Photo by RNV INFORMATIVA on January 24, 2021. La imagen puede contener: una o varias personas y exterior.",https://instagram.fgye6-1.fna.fbcdn.net/v/t51.2885-15/e35/c177.0.445.445a/141337809_442810240422751_7580011818584915439_n.jpg?_nc_ht=instagram.fgye6-1.fna.fbcdn.net&_nc_cat=107&_nc_ohc=5MAxBqwK7KgAX-epbNs&tp=1&oh=278c550b50c7e6fd90127bb26ed1915e&oe=6038DEB7
"Photo by Diario do Distrito on January 24, 2021. No hay ninguna descripci√≥n de la foto disponible..",https://instagram.fgye6-1.fna.fbcdn.net/v/t51.2885-15/e35/c131.0.506.506a/141581081_113764533982346_2824781323158709103_n.jpg?_nc_ht=instagram.fgye6-1.fna.fbcdn.net&_nc_cat=102&_nc_ohc=cya9ZuNPLzcAX_vwN4Q&tp=1&oh=73cbb1c0036d46fb3aee037ab3e0c347&oe=60389C63
"Photo by Fuerza A√©rea Ecuatoriana on January 24, 2021. La imagen puede contener: una o varias personas.",https://instagram.fgye6-1.fna.fbcdn.net/v/t51.2885-15/e15/c236.0.608.608a/141907755_465820424584060_7907058052206452701_n.jpg?_nc_ht=instagram.fgye6-1.fna.fbcdn.net&_nc_cat=104&_nc_ohc=SLPzUAS06LAAX8kWOoX&tp=1&oh=66d0c56c221d641aefddbd294f9709e3&oe=60373906
"‚≠ï #CNE REALIZA SIMULACRO PARA ELECCIONES‚ÄºüëÄ

En Guayaquil inicia el simulacro de la sesi√≥n permanente de escrutinio del 7 de febrero de 2021.

Para este simulacro se activaron 534 recintos electorales, de los cuales 518 son CDA (centro de Digitalizaci√≥n de Escrutinio), que procesar√°n las actas de la provincia del Guayas.

Este simulacro incluye un ensayo para reaccionar ante una posible toma de la delegaci√≥n provincial electoral. 

Todo esto al mismo tiempo en el que se escrutan las actas para garantizar el proceso electoral.

Solo dos representantes de cada tienda pol√≠tica podr√°n estar durante la sesi√≥n de escrutinio.

@revistacaskabel 
Texto: @emiliasanchezec
Fotos: @orellana_72

#RevistaCaskabel #Pol√≠tica #Elecciones2021 #elecciones2021ec #Guayaquil #Guayas #Ecuador",https://instagram.fgye6-1.fna.fbcdn.net/v/t51.2885-15/e35/141156032_911357939638397_5629944476152338711_n.jpg?_nc_ht=instagram.fgye6-1.fna.fbcdn.net&_nc_cat=105&_nc_ohc=nYDcbMpOjtcAX-ea-Jp&tp=1&oh=60c8c23d09488411735013abb4296855&oe=60108B57
"Photo by Curadas on January 24, 2021. La imagen puede contener: 1 persona, texto que dice ""Maduro anunci√≥ que entre marzo y abril se instalar√° un ¬´nuevo CNE¬ª>"".",https://instagram.fgye6-1.fna.fbcdn.net/v/t51.2885-15/sh0.08/e35/s640x640/141173074_2838849609766000_7838260311689759684_n.jpg?_nc_ht=instagram.fgye6-1.fna.fbcdn.net&_nc_cat=104&_nc_ohc=dVclGGPM984AX-nw_3X&tp=1&oh=c6996304493cb7078df7ba539c779507&oe=60384A5B
Photo by Museu Bordalo Pinheiro in Museu Rafael Bordalo Pinheiro. La imagen puede contener: 1 persona.,https://instagram.fgye6-1.fna.fbcdn.net/v/t51.2885-15/sh0.08/e35/c161.0.726.726a/s640x640/141188679_121980099781361_6050451492715990636_n.jpg?_nc_ht=instagram.fgye6-1.fna.fbcdn.net&_nc_cat=105&_nc_ohc=RIX1vh2xUuMAX9BdYpd&tp=1&oh=5bc073e90bb707a480cf93d4b29d291d&oe=60383D15
"Photo by El Espectador Chimborazo on January 24, 2021. La imagen puede contener: una o varias personas, texto que dice ""E Ecuador Llama al 150 Para conocer tu recinto electoral elespectadorchimborazo elespectadorchimborazo.com"".",https://instagram.fgye6-1.fna.fbcdn.net/v/t51.2885-15/sh0.08/e35/s640x640/141507784_176872344223972_5799549687040952389_n.jpg?_nc_ht=instagram.fgye6-1.fna.fbcdn.net&_nc_cat=104&_nc_ohc=GCS-EpIswlMAX9RwZ0A&tp=1&oh=e2c9e4759a7334d1b6764b0702a6772a&oe=60368C17
"Photo by voyaver on January 24, 2021. La imagen puede contener: texto que dice ""NACIONALES TUE Maduro dice que entre marzo y abril ¬´tendremos nuevo CNE>"".",https://instagram.fgye6-1.fna.fbcdn.net/v/t51.2885-15/sh0.08/e35/s640x640/141767698_1112764019149675_6166062893085450920_n.jpg?_nc_ht=instagram.fgye6-1.fna.fbcdn.net&_nc_cat=107&_nc_ohc=Tln3JI4e_MYAX-hswJu&tp=1&oh=640f253c51ae7ca812c5295e768545cb&oe=603900BD
"Photo by Diario La Jornada on January 24, 2021. La imagen puede contener: una o varias personas, texto que dice ""Naci√≥n VENEZUELA LaJornada AN ENCARGADA DE DESIGNAR LA NUEVA DIRECTIVA DEL CNE"".",https://instagram.fgye6-1.fna.fbcdn.net/v/t51.2885-15/sh0.08/e35/s640x640/141124153_2811683542387079_5369504970222127863_n.jpg?_nc_ht=instagram.fgye6-1.fna.fbcdn.net&_nc_cat=111&_nc_ohc=PXkuu7gDZ7gAX__Jrkz&tp=1&oh=3989e37364fb9325bccd8b15bc792a47&oe=60368691
"Photo by DiaÃÅrio As Beiras on January 24, 2021. No hay ninguna descripci√≥n de la foto disponible..",https://instagram.fgye6-1.fna.fbcdn.net/v/t51.2885-15/e15/c136.0.339.339a/141771891_459082778591298_4859657348012965655_n.jpg?_nc_ht=instagram.fgye6-1.fna.fbcdn.net&_nc_cat=106&_nc_ohc=Vwj3n3x8FiIAX8qBGP2&tp=1&oh=5922d13846f6b2744c656dca0c6896f4&oe=60398409
"Photo by Oromartv on January 24, 2021. La imagen puede contener: 1 persona.",https://instagram.fgye6-1.fna.fbcdn.net/v/t51.2885-15/sh0.08/e35/c186.0.707.707a/s640x640/141293136_1040846933069036_8547809546100217701_n.jpg?_nc_ht=instagram.fgye6-1.fna.fbcdn.net&_nc_cat=108&_nc_ohc=bHHyPPD3sEQAX9R4XX6&tp=1&oh=f16095b689228df1535ba6f7cb1b96e6&oe=60360307
"Photo by Oromartv on January 24, 2021. La imagen puede contener: una o varias personas, personas bailando, personas en el escenario y personas de pie.",https://instagram.fgye6-1.fna.fbcdn.net/v/t51.2885-15/e35/c257.0.566.566a/141159267_424872271902342_2386422017804015073_n.jpg?_nc_ht=instagram.fgye6-1.fna.fbcdn.net&_nc_cat=106&_nc_ohc=tKEvC4nDnDIAX9VQmMq&tp=1&oh=34ff7e2b39bf0ac9609298121cba4c93&oe=60370290
"Photo by PDR Aveiro on January 24, 2021. La imagen puede contener: 6 personas, texto que dice ""Elei√ß√£o para Eduarde Netson Presid√™ncia Costa Baptsta Republica Marisa sabel dos Santos Matias Marcolo Nuno Duarte Rebelo de Sousa Tiago Pedro de Sousa Mayan Gon√ßalves Andr√© Claro Amaral Ventura Vitorino Francisco da Rocha Silva Jo√£o Manuel Peixoto Ferreira Ana Maria Rosa Martins Gomes"".",https://instagram.fgye6-1.fna.fbcdn.net/v/t51.2885-15/sh0.08/e35/s640x640/141696087_708825013169545_2620510340136924858_n.jpg?_nc_ht=instagram.fgye6-1.fna.fbcdn.net&_nc_cat=101&_nc_ohc=tEhor2L3abIAX_hMqQd&tp=1&oh=24c7cde534ad67dc17ec98c8bf751698&oe=6038EF29
"Photo by Impacto Chaborro on January 24, 2021. La imagen puede contener: 2 personas, texto que dice ""IMPACTO CHABORRO ""Decidan ustedes si van revueltas o ""DOS P√ÅJAROS DE UN SOLO TIRO"""".",https://instagram.fgye6-1.fna.fbcdn.net/v/t51.2885-15/sh0.08/e35/s640x640/142224034_408348417102066_69715238571911591_n.jpg?_nc_ht=instagram.fgye6-1.fna.fbcdn.net&_nc_cat=106&_nc_ohc=NgHYtjl-4NkAX_JyoPI&tp=1&oh=87cd3c38b0034a735d1b7e931aba2ebc&oe=6036D3F1
"Photo by @_enlapalestra on January 24, 2021. La imagen puede contener: texto que dice ""cŒ†E PODER ELECTORAL IMP Asamblea Nacional chavista aprob√≥ cronograma para renovar autoridades del CNE"".",https://instagram.fgye6-1.fna.fbcdn.net/v/t51.2885-15/e35/c115.0.470.470a/141386342_3538092986240196_4380805527821694555_n.jpg?_nc_ht=instagram.fgye6-1.fna.fbcdn.net&_nc_cat=100&_nc_ohc=7wOKNAEWZjIAX-H6-LU&tp=1&oh=067aaaee31dda8aa9fb05aa7bbac6240&oe=60386D13
"Photo by Punto Informativo Venezuela in Lecheria, Anzoategui, Venezuela. La imagen puede contener: texto que dice ""cŒ†E PODERR PODERELECTORAL ELECTORAL [MP Asamblea Nacional chavista aprob√≥ cronograma para renovar autoridades del CNE"".",https://instagram.fgye6-1.fna.fbcdn.net/v/t51.2885-15/e35/c115.0.470.470a/142003628_167965048088745_5444495127864431505_n.jpg?_nc_ht=instagram.fgye6-1.fna.fbcdn.net&_nc_cat=109&_nc_ohc=MAadF6_pOjwAX8kSKDy&tp=1&oh=0c9361f5f64b00f9ec3e0e1968be8130&oe=6038B9F9
"Photo by Balance Informativo on January 24, 2021. La imagen puede contener: texto que dice ""PA√çS CŒ†E PODER ELECTORAL Abierta convocatoria para postulaciones al Comit√© que elegir√° candidatos al Poder Electoral BI .VE"".",https://instagram.fgye6-1.fna.fbcdn.net/v/t51.2885-15/sh0.08/e35/s640x640/142259249_867460270736773_5394244142441169251_n.jpg?_nc_ht=instagram.fgye6-1.fna.fbcdn.net&_nc_cat=101&_nc_ohc=gChlUIuTYAMAX-YuVs3&tp=1&oh=8a933cb5d2cfbb33c91256cdd38a22de&oe=60386A2C
"Photo by Julio A. Vallejo in Ecuador. La imagen puede contener: texto que dice ""Te gustar√≠a ver a tus hijos en las calles, pidiendo lismona, a tus nietos mendigando? ¬øhas pensado que con tu voto, podrias darle a los tuyos, el derecho a vivir dignamente, y no en la miseria? Por favor se responsable contigo mismo y con tu Pais. No te dejes Ulevar por las corrientes que te conducen al camino de la inseguridad y de la injusticia. Tu tienes el poder de cambiar Vota con responsabilidad."".",https://instagram.fgye6-1.fna.fbcdn.net/v/t51.2885-15/sh0.08/e35/s640x640/142128844_857987971430583_573857416847652405_n.jpg?_nc_ht=instagram.fgye6-1.fna.fbcdn.net&_nc_cat=103&_nc_ohc=R5j74DkczzUAX9HYySI&tp=1&oh=1a1653de8fd60d1a9eb596f69accae09&oe=6036C2B4
"Photo by DIARIO EL PROGRESO on January 24, 2021. La imagen puede contener: texto.",https://instagram.fgye6-1.fna.fbcdn.net/v/t51.2885-15/sh0.08/e35/s640x640/141804109_567323670892876_914845712260701751_n.jpg?_nc_ht=instagram.fgye6-1.fna.fbcdn.net&_nc_cat=104&_nc_ohc=wQXZbhtv-CAAX_xkG8J&tp=1&oh=59e9af2d1ddaa94b33169d22974a3a39&oe=6035F9D3
"Photo by Leanne Hay Photographyüá®üá¶üì∑ in Humber Bay Shores. La imagen puede contener: oc√©ano, cielo, exterior, agua y naturaleza.",https://instagram.fgye6-1.fna.fbcdn.net/v/t51.2885-15/e35/c76.0.607.607a/141074918_448158529689561_7900522185259749412_n.jpg?_nc_ht=instagram.fgye6-1.fna.fbcdn.net&_nc_cat=109&_nc_ohc=8AdJfrJ2YAIAX9c183I&tp=1&oh=dd6004fac3c5b432d49d79c21da20dd2&oe=6036E4D0
"Photo by Dra. Nadia Barruffaldi on January 24, 2021. La imagen puede contener: texto que dice ""CNE Censo Nacional Econ√≥mico Rep√∫blica Argentina"".",https://instagram.fgye6-1.fna.fbcdn.net/v/t51.2885-15/sh0.08/e35/s640x640/141849469_4998696336868398_7906255442395136430_n.jpg?_nc_ht=instagram.fgye6-1.fna.fbcdn.net&_nc_cat=106&_nc_ohc=fQudMgZQmeYAX9UwT0j&tp=1&oh=8286f45a3f733044e09f551004b4121d&oe=6037B658
"Photo shared by Nuno Pinheiro on January 24, 2021 tagging @anabelamleite. La imagen puede contener: bebida, texto que dice ""DOM TINTO/RED INTO 2016 ALENTEJO"".",https://instagram.fgye6-1.fna.fbcdn.net/v/t51.2885-15/sh0.08/e35/s640x640/141097084_282145730166737_585532728425259995_n.jpg?_nc_ht=instagram.fgye6-1.fna.fbcdn.net&_nc_cat=105&_nc_ohc=Uzf8QqKTiiYAX8pSWnL&tp=1&oh=984151acfb2d8350c516e9961805e2c3&oe=6037AA4E
"Photo by Caraota Digital on January 24, 2021. La imagen puede contener: texto que dice ""TNE R ELECTORA ""CNE POR LOS PR√É‚ÄúXIMOS SIETE A√É‚ÄòOS"": ENTRE MARZO Y ABRIL DEBEN ESCOGERSE NUEVAS AUTORIDADES ELECTORALES"".",https://instagram.fgye6-1.fna.fbcdn.net/v/t51.2885-15/sh0.08/e35/s640x640/141130770_453963075984189_8386043537816554432_n.jpg?_nc_ht=instagram.fgye6-1.fna.fbcdn.net&_nc_cat=1&_nc_ohc=p24e1YO7qrwAX80fCWE&tp=1&oh=30b39f4fea44f09d4f4083166259ec45&oe=603793C3
"Photo by John Bahoque on January 23, 2021. La imagen puede contener: 3 personas, texto que dice ""POL√çTICA Y ECONOM√çA Maduro alude 'megaelecciones' que deben decidir el nuevo CNE y la AN PANORAMA diariopanorama"".",https://instagram.fgye6-1.fna.fbcdn.net/v/t51.2885-15/sh0.08/e35/c0.135.1080.1080a/s640x640/140843624_130139335614493_8726538617810944464_n.jpg?_nc_ht=instagram.fgye6-1.fna.fbcdn.net&_nc_cat=101&_nc_ohc=UGiUsHt3vMwAX8wXXJw&tp=1&oh=630ebb89cc075aaad4ee79c2edaa4cb3&oe=6039882F
"Photo by Antonio Velasco Caricaturista on January 23, 2021. La imagen puede contener: 1 persona, texto que dice ""PARA HONRADO Y0 TE VACUNAMOS PARA TODO 1.000. xx VUELVE DOLARES ESPERANZA VOTE „Çâ EMPEZO LA TEMPORADA DE MENTIRAS TaNo"".",https://instagram.fgye6-1.fna.fbcdn.net/v/t51.2885-15/sh0.08/e35/c211.0.1018.1018a/s640x640/141216704_402297867548855_4824441808307181513_n.jpg?_nc_ht=instagram.fgye6-1.fna.fbcdn.net&_nc_cat=111&_nc_ohc=OAdvOnAk3U0AX9uku31&tp=1&oh=0622b6aa49eebe6f36f713d94eb7177e&oe=6035E881
"Para leer las propuestas del #arauz no son buenos #AndresArauz 

#debatepresidencial #debatepresidencial2021 #Ecuador #ecuadorüá™üá®¬†#candidatospresidenciales #candidatospresidencialesec #CNE #eleccionpresidencial #elecciones2021ec #elecciones2021",https://instagram.fgye6-1.fna.fbcdn.net/v/t51.2885-15/e35/c0.72.576.576a/141039858_423921082142231_779469049702150152_n.jpg?_nc_ht=instagram.fgye6-1.fna.fbcdn.net&_nc_cat=111&_nc_ohc=npZ-V9RMrGoAX9Pf9fH&tp=1&oh=f4899e3ef064807479aa4b598035ae38&oe=60104937
QUERO MAIS 37 REFOR√áOS AGORA,https://instagram.fgye6-1.fna.fbcdn.net/v/t51.2885-15/e35/141425092_747881082500354_3198441705166164435_n.jpg?_nc_ht=instagram.fgye6-1.fna.fbcdn.net&_nc_cat=102&_nc_ohc=dhIe_QJoyxAAX9BtN37&tp=1&oh=5a1ef48a4ec4af025e7a0e71431ab53d&oe=60106FA1
"Photo by futbrabo in Curtir ¬∑ Comentar ¬∑ Compartilhar. La imagen puede contener: 5 personas, meme, texto que dice ""Eu gosto de um menino FALA PRA ELE U√â Mas j√° falei RNSOP E O QUE ELE DISSE? Fala pra ele u√© FALA VOC√ä KKKKKK EU VOU √â SALVAR MEU VASC√ÉO"".",https://instagram.fgye6-1.fna.fbcdn.net/v/t51.2885-15/sh0.08/e35/c42.0.996.996a/s640x640/141391411_504336867217907_7535627403112358713_n.jpg?_nc_ht=instagram.fgye6-1.fna.fbcdn.net&_nc_cat=111&_nc_ohc=1GzpaBO6epkAX_4OFtv&tp=1&oh=15d428c3905a32e5622783251f99e9bd&oe=60379B57
"Para leer las propuestas del #arauz no son buenos #AndresArauz 

#debatepresidencial #debatepresidencial2021 #Ecuador #ecuadorüá™üá®¬†#candidatospresidenciales #candidatospresidencialesec #CNE #eleccionpresidencial #elecciones2021ec #elecciones2021",https://instagram.fgye6-1.fna.fbcdn.net/v/t51.2885-15/e35/c0.72.576.576a/141039858_423921082142231_779469049702150152_n.jpg?_nc_ht=instagram.fgye6-1.fna.fbcdn.net&_nc_cat=111&_nc_ohc=npZ-V9RMrGoAX9Pf9fH&tp=1&oh=f4899e3ef064807479aa4b598035ae38&oe=60104937
"#Loja que belleza 

#debatepresidencial #debatepresidencial2021 #Ecuador #ecuadorüá™üá®¬†#candidatospresidenciales #candidatospresidencialesec #CNE #eleccionpresidencial #elecciones2021ec #elecciones2021",https://instagram.fgye6-1.fna.fbcdn.net/v/t51.2885-15/e35/c136.0.368.368a/141938465_522751765756307_8692634475501472533_n.jpg?_nc_ht=instagram.fgye6-1.fna.fbcdn.net&_nc_cat=111&_nc_ohc=BjTX03ZWyswAX-2bBiK&tp=1&oh=c4b4493cee212c103e790c6b33c39c79&oe=6010C345
"Photo by Antonio Velasco Caricaturista on January 23, 2021. La imagen puede contener: 1 persona, texto que dice ""PARA HONRADO Y0 TE VACUNAMOS PARA TODO 1.000. xx VUELVE DOLARES ESPERANZA VOTE „Çâ EMPEZO LA TEMPORADA DE MENTIRAS TaNo"".",https://instagram.fgye6-1.fna.fbcdn.net/v/t51.2885-15/sh0.08/e35/c211.0.1018.1018a/s640x640/141216704_402297867548855_4824441808307181513_n.jpg?_nc_ht=instagram.fgye6-1.fna.fbcdn.net&_nc_cat=111&_nc_ohc=OAdvOnAk3U0AX9uku31&tp=1&oh=0622b6aa49eebe6f36f713d94eb7177e&oe=6035E881
"El presidente de la Rep√∫blica,¬†Nicol√°s Maduro, indic√≥ que entre¬†los meses de marzo y abril, Venezuela va a tener una nueva directiva del Consejo Nacional Electoral (CNE) que ser√° designada por el Parlamento Legislativo, para 7 a√±os continuos como manda la ley y la Constituci√≥n.

Desde el Balc√≥n del Pueblo, donde este s√°bado conmemor√≥ junto a simpatizantes los 63 a√±os de la derrota de la dictadura de P√©rez Jim√©ne, inform√≥ que la AN convocar√° elecciones para elegir las y los gobernadores de los 23 estados del pa√≠s, ""d√≥nde sin duda alguna ganaremos y le demostraremos a la derecha que el pueblo est√° con nosotros"" mencion√≥.

Instruy√≥ desde ya al primer Vicepresidente del PSUV, Diosdado Cabello, a preparar a los futuros candidatos regionales y abrir el horizonte de este 2021 que es el a√±o de los 200 a√±os de Carabobo.

#nicolasmaduro #elecciones #gobernadores #cne #nacionales #venezuela #noticiascanali",https://instagram.fgye6-1.fna.fbcdn.net/v/t51.2885-15/e35/c0.133.480.480a/141322021_222472552850405_6029979813148516439_n.jpg?_nc_ht=instagram.fgye6-1.fna.fbcdn.net&_nc_cat=105&_nc_ohc=LeWDBTz5b1IAX-ujyyj&tp=1&oh=4e15b82d104ab6cc76d60ee6c33736d3&oe=60108298
"Photo by Andrea Schroder on January 23, 2021. La imagen puede contener: comida.",https://instagram.fgye6-1.fna.fbcdn.net/v/t51.2885-15/sh0.08/e35/s640x640/141168919_1363647823995229_5802784421775119382_n.jpg?_nc_ht=instagram.fgye6-1.fna.fbcdn.net&_nc_cat=101&_nc_ohc=v6LwSH-v7T0AX89wYZX&tp=1&oh=83ab3cfa22a7504711347e2c8d2228c0&oe=6036D327
"Photo by El Axioma on January 23, 2021. La imagen puede contener: texto que dice ""ELAXIOMA ELA XIOM Exclusiva con los economistas Jos√© Guerra y Luis Crespo Privatizaci√≥n en Venezuela: ¬øUn secreto a voces?"".",https://instagram.fgye6-1.fna.fbcdn.net/v/t51.2885-15/sh0.08/e35/s640x640/141575870_906021203271677_6108337595158003509_n.jpg?_nc_ht=instagram.fgye6-1.fna.fbcdn.net&_nc_cat=105&_nc_ohc=pe_Ob0IKlbwAX813XKb&tp=1&oh=aa8265e582560fedd9872a221ddb307b&oe=6039560D
"Photo by Chris N Ebun üá≥üá¨üáµüá±üá∫üá∏ on January 23, 2021. La imagen puede contener: 1 persona, exterior.",https://instagram.fgye6-1.fna.fbcdn.net/v/t51.2885-15/sh0.08/e35/c180.0.1080.1080a/s640x640/141475066_449359809570074_8454682923424192013_n.jpg?_nc_ht=instagram.fgye6-1.fna.fbcdn.net&_nc_cat=102&_nc_ohc=OXeVATJU3ScAX82RrPu&tp=1&oh=e2cd0f18365cfe9c84716ddf822b6749&oe=60368A38
"Photo by John Bahoque on January 23, 2021. La imagen puede contener: 3 personas, texto que dice ""POL√çTICA Y ECONOM√çA Maduro alude 'megaelecciones' que deben decidir el nuevo CNE y la AN PANORAMA diariopanorama"".",https://instagram.fgye6-1.fna.fbcdn.net/v/t51.2885-15/sh0.08/e35/c0.135.1080.1080a/s640x640/140843624_130139335614493_8726538617810944464_n.jpg?_nc_ht=instagram.fgye6-1.fna.fbcdn.net&_nc_cat=101&_nc_ohc=UGiUsHt3vMwAX8wXXJw&tp=1&oh=630ebb89cc075aaad4ee79c2edaa4cb3&oe=6039882F
"Photo by Diario Panorama on January 23, 2021. La imagen puede contener: 3 personas, texto que dice ""POL√çTICA Y ECONOM√çA Maduro alude 'megaelecciones' que deben decidir el nuevo CNE y la AN PANORAMA"".",https://instagram.fgye6-1.fna.fbcdn.net/v/t51.2885-15/sh0.08/e35/c0.135.1080.1080a/s640x640/141081194_1563127104076344_7158542017761525137_n.jpg?_nc_ht=instagram.fgye6-1.fna.fbcdn.net&_nc_cat=100&_nc_ohc=FRin1gpcXcAAX-LLmqx&tp=1&oh=c77e5e876373a460d9399c8827953a9a&oe=6036EA9D
"Photo by Bajo La Lupa Ecuador (BLL üá™üá®) on January 23, 2021. No hay ninguna descripci√≥n de la foto disponible..",https://instagram.fgye6-1.fna.fbcdn.net/v/t51.2885-15/sh0.08/e35/c0.106.852.852a/s640x640/141829386_453480615674272_1608730924101260948_n.jpg?_nc_ht=instagram.fgye6-1.fna.fbcdn.net&_nc_cat=104&_nc_ohc=pDfnpW7eBKQAX_xgJZF&tp=1&oh=b841752352fcdb242454cfe4b972fe1c&oe=603755FF
